client_has_gsc,client_has_ga4,gsc_data_available,ga4_data_available,gsc_impressions,gsc_clicks,gsc_sum_position,gsc_avg_position,ga4_pageviews,ga4_sessions,ga4_users,ga4_engaged_sessions,ga4_total_engagement_sec,sessions_organic,sessions_direct,sessions_referral,sessions_social,sessions_paid,sessions_ai,ai_chatgpt,ai_perplexity,ai_gemini,ai_copilot,ai_claude,ai_meta,ai_other,scroll_events,Actual,Predicted
True,True,True,False,54,0,325,6.018518518518518,0,0,0,0,0,0,0,0,0,0,0,0,0,0,0,0,0,0,0,1,1
True,True,True,False,2,0,168,84.0,0,0,0,0,0,0,0,0,0,0,0,0,0,0,0,0,0,0,0,0,0
True,True,True,False,28,0,133,4.75,0,0,0,0,0,0,0,0,0,0,0,0,0,0,0,0,0,0,0,1,1
True,True,True,False,1,0,66,66.0,0,0,0,0,0,0,0,0,0,0,0,0,0,0,0,0,0,0,0,0,0
True,True,True,False,1,0,34,34.0,0,0,0,0,0,0,0,0,0,0,0,0,0,0,0,0,0,0,0,0,0
True,True,True,False,4,0,103,25.75,0,0,0,0,0,0,0,0,0,0,0,0,0,0,0,0,0,0,0,0,0
True,True,True,False,1,0,6,6.0,0,0,0,0,0,0,0,0,0,0,0,0,0,0,0,0,0,0,0,1,1
True,True,True,False,19,0,466,24.526315789473685,0,0,0,0,0,0,0,0,0,0,0,0,0,0,0,0,0,0,0,0,0
True,True,True,False,6,0,495,82.5,0,0,0,0,0,0,0,0,0,0,0,0,0,0,0,0,0,0,0,0,0
True,True,True,False,1,0,7,7.0,0,0,0,0,0,0,0,0,0,0,0,0,0,0,0,0,0,0,0,1,1
True,True,True,False,7,0,271,38.714285714285715,0,0,0,0,0,0,0,0,0,0,0,0,0,0,0,0,0,0,0,0,0
True,True,True,False,9,0,299,33.22222222222222,0,0,0,0,0,0,0,0,0,0,0,0,0,0,0,0,0,0,0,0,0
True,True,True,False,5,0,48,9.6,0,0,0,0,0,0,0,0,0,0,0,0,0,0,0,0,0,0,0,1,1
True,True,True,False,5,1,43,8.6,0,0,0,0,0,0,0,0,0,0,0,0,0,0,0,0,0,0,0,1,1
True,True,True,False,1,0,52,52.0,0,0,0,0,0,0,0,0,0,0,0,0,0,0,0,0,0,0,0,0,0
True,True,True,False,8,0,626,78.25,0,0,0,0,0,0,0,0,0,0,0,0,0,0,0,0,0,0,0,0,0
True,True,True,False,1,0,11,11.0,0,0,0,0,0,0,0,0,0,0,0,0,0,0,0,0,0,0,0,0,0
True,True,True,False,1,0,78,78.0,0,0,0,0,0,0,0,0,0,0,0,0,0,0,0,0,0,0,0,0,0
True,True,True,False,6,0,275,45.833333333333336,0,0,0,0,0,0,0,0,0,0,0,0,0,0,0,0,0,0,0,0,0
True,True,True,False,4,0,137,34.25,0,0,0,0,0,0,0,0,0,0,0,0,0,0,0,0,0,0,0,0,0
True,True,True,False,16,0,602,37.625,0,0,0,0,0,0,0,0,0,0,0,0,0,0,0,0,0,0,0,0,0
True,True,True,False,16,0,1243,77.6875,0,0,0,0,0,0,0,0,0,0,0,0,0,0,0,0,0,0,0,0,0
True,True,True,False,25,0,140,5.6,0,0,0,0,0,0,0,0,0,0,0,0,0,0,0,0,0,0,0,1,1
True,True,True,False,2,0,175,87.5,0,0,0,0,0,0,0,0,0,0,0,0,0,0,0,0,0,0,0,0,0
True,True,True,False,4,2,2,0.5,0,0,0,0,0,0,0,0,0,0,0,0,0,0,0,0,0,0,0,1,1
True,True,True,False,5,0,70,14.0,0,0,0,0,0,0,0,0,0,0,0,0,0,0,0,0,0,0,0,0,0
True,True,True,False,3,0,90,30.0,0,0,0,0,0,0,0,0,0,0,0,0,0,0,0,0,0,0,0,0,0
True,True,True,False,4,0,157,39.25,0,0,0,0,0,0,0,0,0,0,0,0,0,0,0,0,0,0,0,0,0
True,True,True,False,3,0,95,31.666666666666668,0,0,0,0,0,0,0,0,0,0,0,0,0,0,0,0,0,0,0,0,0
True,True,True,False,57,0,1425,25.0,0,0,0,0,0,0,0,0,0,0,0,0,0,0,0,0,0,0,0,0,0
True,True,True,False,5,0,47,9.4,0,0,0,0,0,0,0,0,0,0,0,0,0,0,0,0,0,0,0,1,1
True,True,True,False,1,0,8,8.0,0,0,0,0,0,0,0,0,0,0,0,0,0,0,0,0,0,0,0,1,1
True,True,True,False,47,0,1485,31.595744680851062,0,0,0,0,0,0,0,0,0,0,0,0,0,0,0,0,0,0,0,0,0
True,True,True,False,11,0,425,38.63636363636363,0,0,0,0,0,0,0,0,0,0,0,0,0,0,0,0,0,0,0,0,0
True,True,True,False,1,0,91,91.0,0,0,0,0,0,0,0,0,0,0,0,0,0,0,0,0,0,0,0,0,0
True,True,True,False,31,0,2212,71.35483870967742,0,0,0,0,0,0,0,0,0,0,0,0,0,0,0,0,0,0,0,0,0
True,True,True,False,10,0,131,13.1,0,0,0,0,0,0,0,0,0,0,0,0,0,0,0,0,0,0,0,0,0
True,True,True,False,1,0,51,51.0,0,0,0,0,0,0,0,0,0,0,0,0,0,0,0,0,0,0,0,0,0
True,True,True,False,4,0,125,31.25,0,0,0,0,0,0,0,0,0,0,0,0,0,0,0,0,0,0,0,0,0
True,True,True,False,20,0,980,49.0,0,0,0,0,0,0,0,0,0,0,0,0,0,0,0,0,0,0,0,0,0
True,True,True,False,2,0,139,69.5,0,0,0,0,0,0,0,0,0,0,0,0,0,0,0,0,0,0,0,0,0
True,True,True,False,7,0,109,15.571428571428571,0,0,0,0,0,0,0,0,0,0,0,0,0,0,0,0,0,0,0,0,0
True,True,True,False,3,0,296,98.66666666666667,0,0,0,0,0,0,0,0,0,0,0,0,0,0,0,0,0,0,0,0,0
True,True,True,False,11,0,152,13.818181818181818,0,0,0,0,0,0,0,0,0,0,0,0,0,0,0,0,0,0,0,0,0
True,True,True,False,2,0,110,55.0,0,0,0,0,0,0,0,0,0,0,0,0,0,0,0,0,0,0,0,0,0
True,True,True,False,1,0,10,10.0,0,0,0,0,0,0,0,0,0,0,0,0,0,0,0,0,0,0,0,1,1
True,True,True,False,7,0,127,18.142857142857142,0,0,0,0,0,0,0,0,0,0,0,0,0,0,0,0,0,0,0,0,0
True,True,True,False,12,0,126,10.5,0,0,0,0,0,0,0,0,0,0,0,0,0,0,0,0,0,0,0,0,0
True,True,True,False,16,0,384,24.0,0,0,0,0,0,0,0,0,0,0,0,0,0,0,0,0,0,0,0,0,0
True,True,True,False,6,0,108,18.0,0,0,0,0,0,0,0,0,0,0,0,0,0,0,0,0,0,0,0,0,0
True,True,True,False,1,0,35,35.0,0,0,0,0,0,0,0,0,0,0,0,0,0,0,0,0,0,0,0,0,0
True,True,True,False,1,0,6,6.0,0,0,0,0,0,0,0,0,0,0,0,0,0,0,0,0,0,0,0,1,1
True,True,True,False,13,0,1003,77.15384615384616,0,0,0,0,0,0,0,0,0,0,0,0,0,0,0,0,0,0,0,0,0
True,True,True,False,4,0,138,34.5,0,0,0,0,0,0,0,0,0,0,0,0,0,0,0,0,0,0,0,0,0
True,True,True,False,7,1,87,12.428571428571429,0,0,0,0,0,0,0,0,0,0,0,0,0,0,0,0,0,0,0,0,0
True,True,True,False,19,0,927,48.78947368421053,0,0,0,0,0,0,0,0,0,0,0,0,0,0,0,0,0,0,0,0,0
True,True,True,False,3,0,77,25.666666666666668,0,0,0,0,0,0,0,0,0,0,0,0,0,0,0,0,0,0,0,0,0
True,True,True,False,15,0,143,9.533333333333333,0,0,0,0,0,0,0,0,0,0,0,0,0,0,0,0,0,0,0,1,1
True,True,True,False,30,0,115,3.8333333333333335,0,0,0,0,0,0,0,0,0,0,0,0,0,0,0,0,0,0,0,1,1
True,True,True,False,1,0,93,93.0,0,0,0,0,0,0,0,0,0,0,0,0,0,0,0,0,0,0,0,0,0
True,True,True,False,4,0,36,9.0,0,0,0,0,0,0,0,0,0,0,0,0,0,0,0,0,0,0,0,1,1
True,True,True,False,7,0,287,41.0,0,0,0,0,0,0,0,0,0,0,0,0,0,0,0,0,0,0,0,0,0
True,True,True,False,1,0,67,67.0,0,0,0,0,0,0,0,0,0,0,0,0,0,0,0,0,0,0,0,0,0
True,True,True,False,23,0,545,23.695652173913043,0,0,0,0,0,0,0,0,0,0,0,0,0,0,0,0,0,0,0,0,0
True,True,True,False,1,0,87,87.0,0,0,0,0,0,0,0,0,0,0,0,0,0,0,0,0,0,0,0,0,0
True,True,True,False,2,0,18,9.0,0,0,0,0,0,0,0,0,0,0,0,0,0,0,0,0,0,0,0,1,1
True,True,True,False,21,1,805,38.333333333333336,0,0,0,0,0,0,0,0,0,0,0,0,0,0,0,0,0,0,0,0,0
True,True,True,False,2,0,22,11.0,0,0,0,0,0,0,0,0,0,0,0,0,0,0,0,0,0,0,0,0,0
True,True,True,False,37,0,3081,83.27027027027027,0,0,0,0,0,0,0,0,0,0,0,0,0,0,0,0,0,0,0,0,0
True,True,True,False,2,0,14,7.0,0,0,0,0,0,0,0,0,0,0,0,0,0,0,0,0,0,0,0,1,1
True,True,True,False,4,0,20,5.0,0,0,0,0,0,0,0,0,0,0,0,0,0,0,0,0,0,0,0,1,1
True,True,True,False,2,0,94,47.0,0,0,0,0,0,0,0,0,0,0,0,0,0,0,0,0,0,0,0,0,0
True,True,True,False,2,0,23,11.5,0,0,0,0,0,0,0,0,0,0,0,0,0,0,0,0,0,0,0,0,0
True,True,True,False,2,0,20,10.0,0,0,0,0,0,0,0,0,0,0,0,0,0,0,0,0,0,0,0,1,1
True,True,True,False,2,0,170,85.0,0,0,0,0,0,0,0,0,0,0,0,0,0,0,0,0,0,0,0,0,0
True,True,True,False,8,0,173,21.625,0,0,0,0,0,0,0,0,0,0,0,0,0,0,0,0,0,0,0,0,0
True,True,True,False,2,0,18,9.0,0,0,0,0,0,0,0,0,0,0,0,0,0,0,0,0,0,0,0,1,1
True,True,True,False,1,0,79,79.0,0,0,0,0,0,0,0,0,0,0,0,0,0,0,0,0,0,0,0,0,0
True,True,True,False,5,0,321,64.2,0,0,0,0,0,0,0,0,0,0,0,0,0,0,0,0,0,0,0,0,0
True,True,True,False,22,0,833,37.86363636363637,0,0,0,0,0,0,0,0,0,0,0,0,0,0,0,0,0,0,0,0,0
True,True,True,False,4,0,44,11.0,0,0,0,0,0,0,0,0,0,0,0,0,0,0,0,0,0,0,0,0,0
True,True,True,False,1,0,68,68.0,0,0,0,0,0,0,0,0,0,0,0,0,0,0,0,0,0,0,0,0,0
True,True,True,False,14,0,209,14.928571428571429,0,0,0,0,0,0,0,0,0,0,0,0,0,0,0,0,0,0,0,0,0
True,True,True,False,24,0,1186,49.416666666666664,0,0,0,0,0,0,0,0,0,0,0,0,0,0,0,0,0,0,0,0,0
True,True,True,False,1,0,58,58.0,0,0,0,0,0,0,0,0,0,0,0,0,0,0,0,0,0,0,0,0,0
True,True,True,False,32,0,920,28.75,0,0,0,0,0,0,0,0,0,0,0,0,0,0,0,0,0,0,0,0,0
True,True,True,False,2,0,12,6.0,0,0,0,0,0,0,0,0,0,0,0,0,0,0,0,0,0,0,0,1,1
True,True,True,False,5,0,130,26.0,0,0,0,0,0,0,0,0,0,0,0,0,0,0,0,0,0,0,0,0,0
True,True,True,False,1,0,10,10.0,0,0,0,0,0,0,0,0,0,0,0,0,0,0,0,0,0,0,0,1,1
True,True,True,False,6,0,81,13.5,0,0,0,0,0,0,0,0,0,0,0,0,0,0,0,0,0,0,0,0,0
True,True,True,False,1,0,79,79.0,0,0,0,0,0,0,0,0,0,0,0,0,0,0,0,0,0,0,0,0,0
True,True,True,False,7,0,265,37.857142857142854,0,0,0,0,0,0,0,0,0,0,0,0,0,0,0,0,0,0,0,0,0
True,True,True,False,27,0,219,8.11111111111111,0,0,0,0,0,0,0,0,0,0,0,0,0,0,0,0,0,0,0,1,1
True,True,True,False,11,0,347,31.545454545454547,0,0,0,0,0,0,0,0,0,0,0,0,0,0,0,0,0,0,0,0,0
True,True,True,False,305,5,484,1.5868852459016394,0,0,0,0,0,0,0,0,0,0,0,0,0,0,0,0,0,0,0,1,1
True,True,True,False,2,0,22,11.0,0,0,0,0,0,0,0,0,0,0,0,0,0,0,0,0,0,0,0,0,0
True,True,True,False,6,0,71,11.833333333333334,0,0,0,0,0,0,0,0,0,0,0,0,0,0,0,0,0,0,0,0,0
True,True,True,False,11,1,192,17.454545454545453,0,0,0,0,0,0,0,0,0,0,0,0,0,0,0,0,0,0,0,0,0
True,True,True,False,11,0,148,13.454545454545455,0,0,0,0,0,0,0,0,0,0,0,0,0,0,0,0,0,0,0,0,0
True,True,True,False,1,0,84,84.0,0,0,0,0,0,0,0,0,0,0,0,0,0,0,0,0,0,0,0,0,0
True,True,True,False,2,0,174,87.0,0,0,0,0,0,0,0,0,0,0,0,0,0,0,0,0,0,0,0,0,0
True,True,True,False,4,0,66,16.5,0,0,0,0,0,0,0,0,0,0,0,0,0,0,0,0,0,0,0,0,0
True,True,True,False,1,0,60,60.0,0,0,0,0,0,0,0,0,0,0,0,0,0,0,0,0,0,0,0,0,0
True,True,True,False,26,0,319,12.26923076923077,0,0,0,0,0,0,0,0,0,0,0,0,0,0,0,0,0,0,0,0,0
True,True,True,False,1,0,7,7.0,0,0,0,0,0,0,0,0,0,0,0,0,0,0,0,0,0,0,0,1,1
True,True,True,False,1,0,83,83.0,0,0,0,0,0,0,0,0,0,0,0,0,0,0,0,0,0,0,0,0,0
True,True,True,False,4,0,26,6.5,0,0,0,0,0,0,0,0,0,0,0,0,0,0,0,0,0,0,0,1,1
True,True,True,False,21,1,60,2.857142857142857,0,0,0,0,0,0,0,0,0,0,0,0,0,0,0,0,0,0,0,1,1
True,True,True,False,3,0,51,17.0,0,0,0,0,0,0,0,0,0,0,0,0,0,0,0,0,0,0,0,0,0
True,True,True,False,1,0,10,10.0,0,0,0,0,0,0,0,0,0,0,0,0,0,0,0,0,0,0,0,1,1
True,True,True,False,9,0,195,21.666666666666668,0,0,0,0,0,0,0,0,0,0,0,0,0,0,0,0,0,0,0,0,0
True,True,True,False,8,0,183,22.875,0,0,0,0,0,0,0,0,0,0,0,0,0,0,0,0,0,0,0,0,0
True,True,True,False,17,0,155,9.117647058823529,0,0,0,0,0,0,0,0,0,0,0,0,0,0,0,0,0,0,0,1,1
True,True,True,False,1,0,0,0.0,0,0,0,0,0,0,0,0,0,0,0,0,0,0,0,0,0,0,0,1,1
True,True,True,False,1,0,21,21.0,0,0,0,0,0,0,0,0,0,0,0,0,0,0,0,0,0,0,0,0,0
True,True,True,False,1,0,45,45.0,0,0,0,0,0,0,0,0,0,0,0,0,0,0,0,0,0,0,0,0,0
True,True,True,False,11,0,366,33.27272727272727,0,0,0,0,0,0,0,0,0,0,0,0,0,0,0,0,0,0,0,0,0
True,True,True,False,37,0,3158,85.35135135135135,0,0,0,0,0,0,0,0,0,0,0,0,0,0,0,0,0,0,0,0,0
True,True,True,False,1,0,56,56.0,0,0,0,0,0,0,0,0,0,0,0,0,0,0,0,0,0,0,0,0,0
True,True,True,False,20,0,913,45.65,0,0,0,0,0,0,0,0,0,0,0,0,0,0,0,0,0,0,0,0,0
True,True,True,False,2,0,97,48.5,0,0,0,0,0,0,0,0,0,0,0,0,0,0,0,0,0,0,0,0,0
True,True,True,False,1,0,35,35.0,0,0,0,0,0,0,0,0,0,0,0,0,0,0,0,0,0,0,0,0,0
True,True,True,False,22,0,1301,59.13636363636363,0,0,0,0,0,0,0,0,0,0,0,0,0,0,0,0,0,0,0,0,0
True,True,True,False,8,0,237,29.625,0,0,0,0,0,0,0,0,0,0,0,0,0,0,0,0,0,0,0,0,0
True,True,True,False,30,0,614,20.466666666666665,0,0,0,0,0,0,0,0,0,0,0,0,0,0,0,0,0,0,0,0,0
True,True,True,False,14,0,107,7.642857142857143,0,0,0,0,0,0,0,0,0,0,0,0,0,0,0,0,0,0,0,1,1
True,True,True,False,2,0,195,97.5,0,0,0,0,0,0,0,0,0,0,0,0,0,0,0,0,0,0,0,0,0
True,True,True,False,3,0,28,9.333333333333334,0,0,0,0,0,0,0,0,0,0,0,0,0,0,0,0,0,0,0,1,1
True,True,True,False,17,0,126,7.411764705882353,0,0,0,0,0,0,0,0,0,0,0,0,0,0,0,0,0,0,0,1,1
True,True,True,False,7,0,117,16.714285714285715,0,0,0,0,0,0,0,0,0,0,0,0,0,0,0,0,0,0,0,0,0
True,True,True,False,6,0,93,15.5,0,0,0,0,0,0,0,0,0,0,0,0,0,0,0,0,0,0,0,0,0
True,True,True,False,14,0,439,31.357142857142858,0,0,0,0,0,0,0,0,0,0,0,0,0,0,0,0,0,0,0,0,0
True,True,True,False,1,0,8,8.0,0,0,0,0,0,0,0,0,0,0,0,0,0,0,0,0,0,0,0,1,1
True,True,True,False,3,0,158,52.666666666666664,0,0,0,0,0,0,0,0,0,0,0,0,0,0,0,0,0,0,0,0,0
True,True,True,False,14,0,709,50.642857142857146,0,0,0,0,0,0,0,0,0,0,0,0,0,0,0,0,0,0,0,0,0
True,True,True,False,4,0,330,82.5,0,0,0,0,0,0,0,0,0,0,0,0,0,0,0,0,0,0,0,0,0
True,True,True,False,6,0,440,73.33333333333333,0,0,0,0,0,0,0,0,0,0,0,0,0,0,0,0,0,0,0,0,0
True,True,True,False,26,0,1898,73.0,0,0,0,0,0,0,0,0,0,0,0,0,0,0,0,0,0,0,0,0,0
True,True,True,False,5,0,153,30.6,0,0,0,0,0,0,0,0,0,0,0,0,0,0,0,0,0,0,0,0,0
True,True,True,False,16,0,161,10.0625,0,0,0,0,0,0,0,0,0,0,0,0,0,0,0,0,0,0,0,0,0
True,True,True,False,1,0,8,8.0,0,0,0,0,0,0,0,0,0,0,0,0,0,0,0,0,0,0,0,1,1
True,True,True,False,27,1,840,31.11111111111111,0,0,0,0,0,0,0,0,0,0,0,0,0,0,0,0,0,0,0,0,0
True,True,True,False,3,0,27,9.0,0,0,0,0,0,0,0,0,0,0,0,0,0,0,0,0,0,0,0,1,1
True,True,True,False,20,0,550,27.5,0,0,0,0,0,0,0,0,0,0,0,0,0,0,0,0,0,0,0,0,0
True,True,True,False,3,0,75,25.0,0,0,0,0,0,0,0,0,0,0,0,0,0,0,0,0,0,0,0,0,0
True,True,True,False,12,0,156,13.0,0,0,0,0,0,0,0,0,0,0,0,0,0,0,0,0,0,0,0,0,0
True,True,True,False,5,0,170,34.0,0,0,0,0,0,0,0,0,0,0,0,0,0,0,0,0,0,0,0,0,0
True,True,True,False,7,0,399,57.0,0,0,0,0,0,0,0,0,0,0,0,0,0,0,0,0,0,0,0,0,0
True,True,True,False,1,0,29,29.0,0,0,0,0,0,0,0,0,0,0,0,0,0,0,0,0,0,0,0,0,0
True,True,True,False,1,0,98,98.0,0,0,0,0,0,0,0,0,0,0,0,0,0,0,0,0,0,0,0,0,0
True,True,True,False,6,0,206,34.333333333333336,0,0,0,0,0,0,0,0,0,0,0,0,0,0,0,0,0,0,0,0,0
True,True,True,False,3,0,28,9.333333333333334,0,0,0,0,0,0,0,0,0,0,0,0,0,0,0,0,0,0,0,1,1
True,True,True,False,3,0,38,12.666666666666666,0,0,0,0,0,0,0,0,0,0,0,0,0,0,0,0,0,0,0,0,0
True,True,True,False,8,1,36,4.5,0,0,0,0,0,0,0,0,0,0,0,0,0,0,0,0,0,0,0,1,1
True,True,True,False,51,0,324,6.352941176470588,0,0,0,0,0,0,0,0,0,0,0,0,0,0,0,0,0,0,0,1,1
True,True,True,False,1,0,70,70.0,0,0,0,0,0,0,0,0,0,0,0,0,0,0,0,0,0,0,0,0,0
True,True,True,False,66,0,135,2.0454545454545454,0,0,0,0,0,0,0,0,0,0,0,0,0,0,0,0,0,0,0,1,1
True,True,True,False,2,0,57,28.5,0,0,0,0,0,0,0,0,0,0,0,0,0,0,0,0,0,0,0,0,0
True,True,True,False,1,0,30,30.0,0,0,0,0,0,0,0,0,0,0,0,0,0,0,0,0,0,0,0,0,0
True,True,True,False,1,0,11,11.0,0,0,0,0,0,0,0,0,0,0,0,0,0,0,0,0,0,0,0,0,0
True,True,True,False,10,0,380,38.0,0,0,0,0,0,0,0,0,0,0,0,0,0,0,0,0,0,0,0,0,0
True,True,True,False,4,1,20,5.0,0,0,0,0,0,0,0,0,0,0,0,0,0,0,0,0,0,0,0,1,1
True,True,True,False,8,0,211,26.375,0,0,0,0,0,0,0,0,0,0,0,0,0,0,0,0,0,0,0,0,0
True,True,True,False,8,0,52,6.5,0,0,0,0,0,0,0,0,0,0,0,0,0,0,0,0,0,0,0,1,1
True,True,True,False,11,0,216,19.636363636363637,0,0,0,0,0,0,0,0,0,0,0,0,0,0,0,0,0,0,0,0,0
True,True,True,False,21,0,1050,50.0,0,0,0,0,0,0,0,0,0,0,0,0,0,0,0,0,0,0,0,0,0
True,True,True,False,10,0,832,83.2,0,0,0,0,0,0,0,0,0,0,0,0,0,0,0,0,0,0,0,0,0
True,True,True,False,1,0,17,17.0,0,0,0,0,0,0,0,0,0,0,0,0,0,0,0,0,0,0,0,0,0
True,True,True,False,1,0,16,16.0,0,0,0,0,0,0,0,0,0,0,0,0,0,0,0,0,0,0,0,0,0
True,True,True,False,1,0,83,83.0,0,0,0,0,0,0,0,0,0,0,0,0,0,0,0,0,0,0,0,0,0
True,True,True,False,10,0,593,59.3,0,0,0,0,0,0,0,0,0,0,0,0,0,0,0,0,0,0,0,0,0
True,True,True,False,26,0,133,5.115384615384615,0,0,0,0,0,0,0,0,0,0,0,0,0,0,0,0,0,0,0,1,1
True,True,True,False,10,0,414,41.4,0,0,0,0,0,0,0,0,0,0,0,0,0,0,0,0,0,0,0,0,0
True,True,True,False,5,0,148,29.6,0,0,0,0,0,0,0,0,0,0,0,0,0,0,0,0,0,0,0,0,0
True,True,True,False,6,0,175,29.166666666666668,0,0,0,0,0,0,0,0,0,0,0,0,0,0,0,0,0,0,0,0,0
True,True,True,False,6,0,38,6.333333333333333,0,0,0,0,0,0,0,0,0,0,0,0,0,0,0,0,0,0,0,1,1
True,True,True,False,1,0,37,37.0,0,0,0,0,0,0,0,0,0,0,0,0,0,0,0,0,0,0,0,0,0
True,True,True,False,1,0,86,86.0,0,0,0,0,0,0,0,0,0,0,0,0,0,0,0,0,0,0,0,0,0
True,True,True,False,16,0,558,34.875,0,0,0,0,0,0,0,0,0,0,0,0,0,0,0,0,0,0,0,0,0
True,True,True,False,1,0,9,9.0,0,0,0,0,0,0,0,0,0,0,0,0,0,0,0,0,0,0,0,1,1
True,True,True,False,29,0,199,6.862068965517241,0,0,0,0,0,0,0,0,0,0,0,0,0,0,0,0,0,0,0,1,1
True,True,True,False,18,0,667,37.05555555555556,0,0,0,0,0,0,0,0,0,0,0,0,0,0,0,0,0,0,0,0,0
True,True,True,False,38,0,1287,33.86842105263158,0,0,0,0,0,0,0,0,0,0,0,0,0,0,0,0,0,0,0,0,0
True,True,True,False,4,0,6,1.5,0,0,0,0,0,0,0,0,0,0,0,0,0,0,0,0,0,0,0,1,1
True,True,True,False,3,0,277,92.33333333333333,0,0,0,0,0,0,0,0,0,0,0,0,0,0,0,0,0,0,0,0,0
True,True,True,False,1,0,10,10.0,0,0,0,0,0,0,0,0,0,0,0,0,0,0,0,0,0,0,0,1,1
True,True,True,False,7,0,62,8.857142857142858,0,0,0,0,0,0,0,0,0,0,0,0,0,0,0,0,0,0,0,1,1
True,True,True,False,2,0,126,63.0,0,0,0,0,0,0,0,0,0,0,0,0,0,0,0,0,0,0,0,0,0
True,True,True,False,2,0,57,28.5,0,0,0,0,0,0,0,0,0,0,0,0,0,0,0,0,0,0,0,0,0
True,True,True,False,1,0,9,9.0,0,0,0,0,0,0,0,0,0,0,0,0,0,0,0,0,0,0,0,1,1
True,True,True,False,1,0,35,35.0,0,0,0,0,0,0,0,0,0,0,0,0,0,0,0,0,0,0,0,0,0
True,True,True,False,4,0,342,85.5,0,0,0,0,0,0,0,0,0,0,0,0,0,0,0,0,0,0,0,0,0
True,True,True,False,14,0,208,14.857142857142858,0,0,0,0,0,0,0,0,0,0,0,0,0,0,0,0,0,0,0,0,0
True,True,True,False,5,0,335,67.0,0,0,0,0,0,0,0,0,0,0,0,0,0,0,0,0,0,0,0,0,0
True,True,True,False,1,0,10,10.0,0,0,0,0,0,0,0,0,0,0,0,0,0,0,0,0,0,0,0,1,1
True,True,True,False,4,0,27,6.75,0,0,0,0,0,0,0,0,0,0,0,0,0,0,0,0,0,0,0,1,1
True,True,True,False,1,0,57,57.0,0,0,0,0,0,0,0,0,0,0,0,0,0,0,0,0,0,0,0,0,0
True,True,True,False,21,0,361,17.19047619047619,0,0,0,0,0,0,0,0,0,0,0,0,0,0,0,0,0,0,0,0,0
True,True,True,False,1,0,63,63.0,0,0,0,0,0,0,0,0,0,0,0,0,0,0,0,0,0,0,0,0,0
True,True,True,False,6,0,6,1.0,0,0,0,0,0,0,0,0,0,0,0,0,0,0,0,0,0,0,0,1,1
True,True,True,False,34,0,3184,93.6470588235294,0,0,0,0,0,0,0,0,0,0,0,0,0,0,0,0,0,0,0,0,0
True,True,True,False,27,0,1487,55.074074074074076,0,0,0,0,0,0,0,0,0,0,0,0,0,0,0,0,0,0,0,0,0
True,True,True,False,1,0,6,6.0,0,0,0,0,0,0,0,0,0,0,0,0,0,0,0,0,0,0,0,1,1
True,True,True,False,14,0,89,6.357142857142857,0,0,0,0,0,0,0,0,0,0,0,0,0,0,0,0,0,0,0,1,1
True,True,True,False,28,0,943,33.67857142857143,0,0,0,0,0,0,0,0,0,0,0,0,0,0,0,0,0,0,0,0,0
True,True,True,False,81,1,202,2.493827160493827,0,0,0,0,0,0,0,0,0,0,0,0,0,0,0,0,0,0,0,1,1
True,True,True,False,17,0,289,17.0,0,0,0,0,0,0,0,0,0,0,0,0,0,0,0,0,0,0,0,0,0
True,True,True,False,4,0,110,27.5,0,0,0,0,0,0,0,0,0,0,0,0,0,0,0,0,0,0,0,0,0
True,True,True,False,16,0,124,7.75,0,0,0,0,0,0,0,0,0,0,0,0,0,0,0,0,0,0,0,1,1
True,True,True,False,1,0,51,51.0,0,0,0,0,0,0,0,0,0,0,0,0,0,0,0,0,0,0,0,0,0
True,True,True,False,2,0,60,30.0,0,0,0,0,0,0,0,0,0,0,0,0,0,0,0,0,0,0,0,0,0
True,True,True,False,8,0,55,6.875,0,0,0,0,0,0,0,0,0,0,0,0,0,0,0,0,0,0,0,1,1
True,True,True,False,54,0,4998,92.55555555555556,0,0,0,0,0,0,0,0,0,0,0,0,0,0,0,0,0,0,0,0,0
True,True,True,False,2,0,20,10.0,0,0,0,0,0,0,0,0,0,0,0,0,0,0,0,0,0,0,0,1,1
True,True,True,False,3,0,27,9.0,0,0,0,0,0,0,0,0,0,0,0,0,0,0,0,0,0,0,0,1,1
True,True,True,False,3,1,38,12.666666666666666,0,0,0,0,0,0,0,0,0,0,0,0,0,0,0,0,0,0,0,0,0
True,True,True,False,1,0,89,89.0,0,0,0,0,0,0,0,0,0,0,0,0,0,0,0,0,0,0,0,0,0
True,True,True,False,21,0,600,28.571428571428573,0,0,0,0,0,0,0,0,0,0,0,0,0,0,0,0,0,0,0,0,0
True,True,True,False,1,0,99,99.0,0,0,0,0,0,0,0,0,0,0,0,0,0,0,0,0,0,0,0,0,0
True,True,True,False,33,1,924,28.0,0,0,0,0,0,0,0,0,0,0,0,0,0,0,0,0,0,0,0,0,0
True,True,True,False,1,0,47,47.0,0,0,0,0,0,0,0,0,0,0,0,0,0,0,0,0,0,0,0,0,0
True,True,True,False,2,0,129,64.5,0,0,0,0,0,0,0,0,0,0,0,0,0,0,0,0,0,0,0,0,0
True,True,True,False,25,0,442,17.68,0,0,0,0,0,0,0,0,0,0,0,0,0,0,0,0,0,0,0,0,0
True,True,True,False,16,0,173,10.8125,0,0,0,0,0,0,0,0,0,0,0,0,0,0,0,0,0,0,0,0,0
True,True,True,False,2,0,175,87.5,0,0,0,0,0,0,0,0,0,0,0,0,0,0,0,0,0,0,0,0,0
True,True,True,False,21,0,1489,70.9047619047619,0,0,0,0,0,0,0,0,0,0,0,0,0,0,0,0,0,0,0,0,0
True,True,True,False,10,0,291,29.1,0,0,0,0,0,0,0,0,0,0,0,0,0,0,0,0,0,0,0,0,0
True,True,True,False,5,0,185,37.0,0,0,0,0,0,0,0,0,0,0,0,0,0,0,0,0,0,0,0,0,0
True,True,True,False,2,0,125,62.5,0,0,0,0,0,0,0,0,0,0,0,0,0,0,0,0,0,0,0,0,0
True,True,True,False,7,0,97,13.857142857142858,0,0,0,0,0,0,0,0,0,0,0,0,0,0,0,0,0,0,0,0,0
True,True,True,False,2,0,37,18.5,0,0,0,0,0,0,0,0,0,0,0,0,0,0,0,0,0,0,0,0,0
True,True,True,False,9,0,600,66.66666666666667,0,0,0,0,0,0,0,0,0,0,0,0,0,0,0,0,0,0,0,0,0
True,True,True,False,4,0,25,6.25,0,0,0,0,0,0,0,0,0,0,0,0,0,0,0,0,0,0,0,1,1
True,True,True,False,64,1,150,2.34375,0,0,0,0,0,0,0,0,0,0,0,0,0,0,0,0,0,0,0,1,1
True,True,True,False,5,0,172,34.4,0,0,0,0,0,0,0,0,0,0,0,0,0,0,0,0,0,0,0,0,0
True,True,True,False,2,0,18,9.0,0,0,0,0,0,0,0,0,0,0,0,0,0,0,0,0,0,0,0,1,1
True,True,True,False,1,0,9,9.0,0,0,0,0,0,0,0,0,0,0,0,0,0,0,0,0,0,0,0,1,1
True,True,True,False,19,0,268,14.105263157894736,0,0,0,0,0,0,0,0,0,0,0,0,0,0,0,0,0,0,0,0,0
True,True,True,False,24,0,2233,93.04166666666667,0,0,0,0,0,0,0,0,0,0,0,0,0,0,0,0,0,0,0,0,0
True,True,True,False,7,0,660,94.28571428571429,0,0,0,0,0,0,0,0,0,0,0,0,0,0,0,0,0,0,0,0,0
True,True,True,False,11,0,64,5.818181818181818,0,0,0,0,0,0,0,0,0,0,0,0,0,0,0,0,0,0,0,1,1
True,True,True,False,3,0,27,9.0,0,0,0,0,0,0,0,0,0,0,0,0,0,0,0,0,0,0,0,1,1
True,True,True,False,3,0,17,5.666666666666667,0,0,0,0,0,0,0,0,0,0,0,0,0,0,0,0,0,0,0,1,1
True,True,True,False,34,0,1773,52.14705882352941,0,0,0,0,0,0,0,0,0,0,0,0,0,0,0,0,0,0,0,0,0
True,True,True,False,11,0,119,10.818181818181818,0,0,0,0,0,0,0,0,0,0,0,0,0,0,0,0,0,0,0,0,0
True,True,True,False,1,0,70,70.0,0,0,0,0,0,0,0,0,0,0,0,0,0,0,0,0,0,0,0,0,0
True,True,True,False,3,0,137,45.666666666666664,0,0,0,0,0,0,0,0,0,0,0,0,0,0,0,0,0,0,0,0,0
True,True,True,False,1,0,9,9.0,0,0,0,0,0,0,0,0,0,0,0,0,0,0,0,0,0,0,0,1,1
True,True,True,False,6,0,348,58.0,0,0,0,0,0,0,0,0,0,0,0,0,0,0,0,0,0,0,0,0,0
True,True,True,False,5,0,78,15.6,0,0,0,0,0,0,0,0,0,0,0,0,0,0,0,0,0,0,0,0,0
True,True,True,False,1,0,8,8.0,0,0,0,0,0,0,0,0,0,0,0,0,0,0,0,0,0,0,0,1,1
True,True,True,False,2,0,69,34.5,0,0,0,0,0,0,0,0,0,0,0,0,0,0,0,0,0,0,0,0,0
True,True,True,False,1,0,58,58.0,0,0,0,0,0,0,0,0,0,0,0,0,0,0,0,0,0,0,0,0,0
True,True,True,False,1,0,8,8.0,0,0,0,0,0,0,0,0,0,0,0,0,0,0,0,0,0,0,0,1,1
True,True,True,False,80,1,481,6.0125,0,0,0,0,0,0,0,0,0,0,0,0,0,0,0,0,0,0,0,1,1
True,True,True,False,1,0,9,9.0,0,0,0,0,0,0,0,0,0,0,0,0,0,0,0,0,0,0,0,1,1
True,True,True,False,31,1,962,31.032258064516128,0,0,0,0,0,0,0,0,0,0,0,0,0,0,0,0,0,0,0,0,0
True,True,True,False,11,0,241,21.90909090909091,0,0,0,0,0,0,0,0,0,0,0,0,0,0,0,0,0,0,0,0,0
True,True,True,False,3,0,12,4.0,0,0,0,0,0,0,0,0,0,0,0,0,0,0,0,0,0,0,0,1,1
True,True,True,False,5,0,73,14.6,0,0,0,0,0,0,0,0,0,0,0,0,0,0,0,0,0,0,0,0,0
